update,frames,FPS,duration,rreturn_mean,rreturn_std,rreturn_min,rreturn_max,num_frames_mean,num_frames_std,num_frames_min,num_frames_max,entropy,value,policy_loss,value_loss,grad_norm,return_mean,return_std,return_min,return_max
1,2048,702.6508372978739,2,0.038874998688697815,0.1505622225051618,0.0,0.621999979019165,96.375,14.039564630001886,42.0,100.0,2.0766046717762947,-0.053871751530095935,-0.025094080803683028,0.0023681978545937454,0.019754640991659765,0.038874998688697815,0.1505622225051618,0.0,0.621999979019165
update,frames,FPS,duration,rreturn_mean,rreturn_std,rreturn_min,rreturn_max,num_frames_mean,num_frames_std,num_frames_min,num_frames_max,entropy,value,policy_loss,value_loss,grad_norm,return_mean,return_std,return_min,return_max
2,4096,684.9919428704395,5,0.008529411519274992,0.03411764607709997,0.0,0.14499999582767487,99.70588235294117,1.1764705882352942,95.0,100.0,2.07699166983366,-0.044351774267852306,-0.017073758906917647,0.00031135364315559855,0.006108609398692325,0.008529411519274992,0.03411764607709997,0.0,0.14499999582767487
update,frames,FPS,duration,rreturn_mean,rreturn_std,rreturn_min,rreturn_max,num_frames_mean,num_frames_std,num_frames_min,num_frames_max,entropy,value,policy_loss,value_loss,grad_norm,return_mean,return_std,return_min,return_max
3,6144,705.5670561579799,8,0.0,0.0,0.0,0.0,100.0,0.0,100.0,100.0,2.076489821076393,-0.0361679921625182,-0.01158577113528736,9.742607380758272e-05,0.0031718685738424558,0.0,0.0,0.0,0.0
update,frames,FPS,duration,rreturn_mean,rreturn_std,rreturn_min,rreturn_max,num_frames_mean,num_frames_std,num_frames_min,num_frames_max,entropy,value,policy_loss,value_loss,grad_norm,return_mean,return_std,return_min,return_max
4,8192,674.224098098705,11,0.0,0.0,0.0,0.0,100.0,0.0,100.0,100.0,2.076817251741886,-0.023605238529853523,-0.011348206782713532,7.25684775488844e-05,0.003002359508803199,0.0,0.0,0.0,0.0
update,frames,FPS,duration,rreturn_mean,rreturn_std,rreturn_min,rreturn_max,num_frames_mean,num_frames_std,num_frames_min,num_frames_max,entropy,value,policy_loss,value_loss,grad_norm,return_mean,return_std,return_min,return_max
5,10240,691.4531785636291,14,0.0,0.0,0.0,0.0,100.0,0.0,100.0,100.0,2.0783427506685257,-0.01534312785952352,-0.005621144955512136,2.179386129341765e-05,0.0024673777141897843,0.0,0.0,0.0,0.0
update,frames,FPS,duration,rreturn_mean,rreturn_std,rreturn_min,rreturn_max,num_frames_mean,num_frames_std,num_frames_min,num_frames_max,entropy,value,policy_loss,value_loss,grad_norm,return_mean,return_std,return_min,return_max
6,12288,684.6947005183155,17,0.0,0.0,0.0,0.0,100.0,0.0,100.0,100.0,2.0787772312760353,-0.01075277227209881,-0.004067761190526653,1.3038881093052623e-05,0.0013436335357315016,0.0,0.0,0.0,0.0
update,frames,FPS,duration,rreturn_mean,rreturn_std,rreturn_min,rreturn_max,num_frames_mean,num_frames_std,num_frames_min,num_frames_max,entropy,value,policy_loss,value_loss,grad_norm,return_mean,return_std,return_min,return_max
7,14336,674.4312371290806,20,0.0,0.0,0.0,0.0,100.0,0.0,100.0,100.0,2.079218976199627,-0.007070684529026039,-0.002633534899359802,8.642272149472774e-06,0.0009556364834333328,0.0,0.0,0.0,0.0
update,frames,FPS,duration,rreturn_mean,rreturn_std,rreturn_min,rreturn_max,num_frames_mean,num_frames_std,num_frames_min,num_frames_max,entropy,value,policy_loss,value_loss,grad_norm,return_mean,return_std,return_min,return_max
8,16384,697.0938909845597,23,0.0,0.0,0.0,0.0,100.0,0.0,100.0,100.0,2.079186551272869,-0.005538356868783012,-0.0026236064077238552,6.294488272828858e-06,0.0012811430956403153,0.0,0.0,0.0,0.0
update,frames,FPS,duration,rreturn_mean,rreturn_std,rreturn_min,rreturn_max,num_frames_mean,num_frames_std,num_frames_min,num_frames_max,entropy,value,policy_loss,value_loss,grad_norm,return_mean,return_std,return_min,return_max
9,18432,668.6987732748257,26,0.0,0.0,0.0,0.0,100.0,0.0,100.0,100.0,2.079243190586567,-0.004047716480272356,-0.0017079000754165463,3.7900085061437494e-06,0.0006385588804888966,0.0,0.0,0.0,0.0
update,frames,FPS,duration,rreturn_mean,rreturn_std,rreturn_min,rreturn_max,num_frames_mean,num_frames_std,num_frames_min,num_frames_max,entropy,value,policy_loss,value_loss,grad_norm,return_mean,return_std,return_min,return_max
10,20480,688.5205825938427,29,0.0,0.0,0.0,0.0,100.0,0.0,100.0,100.0,2.079336293041706,-0.003198936341505032,-0.0013589261216111481,3.389197388514731e-06,0.00046795362213060133,0.0,0.0,0.0,0.0
11,22528,693.4535462103928,32,0.018612903933371266,0.10194707344984079,0.0,0.5770000219345093,98.29032258064517,9.364288886378649,47.0,100.0,2.0747853592038155,0.003299420551456933,-0.006201208092534216,0.0009957052602658223,0.007595756078354081,0.018612903933371266,0.10194707344984079,0.0,0.5770000219345093
12,24576,672.4957322422588,36,0.0,0.0,0.0,0.0,100.0,0.0,100.0,100.0,2.07606752961874,-0.0025907108047249494,-0.0017326803226751508,4.706322962988452e-05,0.002477961469636647,0.0,0.0,0.0,0.0
13,26624,705.6258848217566,38,0.020055555635028414,0.08269117426367363,0.0,0.3610000014305115,98.38888888888889,6.6427812857173425,71.0,100.0,2.0729555040597916,0.0014257145257943193,-0.0030728884166819626,0.0005027893279248019,0.008924619547346805,0.020055555635028414,0.08269117426367363,0.0,0.3610000014305115
14,28672,661.1628297122527,42,0.0,0.0,0.0,0.0,100.0,0.0,100.0,100.0,2.0784871205687523,-0.0006261058583731938,-0.0003579711765269167,1.3353436230545412e-05,0.0017985439038190605,0.0,0.0,0.0,0.0
15,30720,650.3910130572101,45,0.0,0.0,0.0,0.0,100.0,0.0,100.0,100.0,2.0790184140205383,-0.0021700718825741205,-0.0009249764154901641,3.909840685878407e-06,0.0004981456973992152,0.0,0.0,0.0,0.0
16,32768,684.9332274323348,48,0.07636841974760357,0.2321413336825518,0.0,0.9279999732971191,92.6842105263158,22.543648029589054,8.0,100.0,2.0757241174578667,0.003554958813765552,-0.007457134227479401,0.0020007802693271515,0.01276717399900493,0.07636841974760357,0.2321413336825518,0.0,0.9279999732971191
17,34816,679.6380620467595,51,0.022789473596372102,0.09668754791799893,0.0,0.43299999833106995,98.05263157894737,8.261984495969134,63.0,100.0,2.0747435837984085,0.0019446801879894338,-0.004304723366658436,0.0003843843745698905,0.006648154227295521,0.022789473596372102,0.09668754791799893,0.0,0.43299999833106995
18,36864,700.2190660587947,54,0.005923076890982115,0.02961538445491057,0.0,0.15399999916553497,99.76923076923077,1.1538461538461535,94.0,100.0,2.0679041147232056,0.009511827636742964,0.001052060810252442,0.0006579194382538844,0.011003842471321551,0.005923076890982115,0.02961538445491057,0.0,0.15399999916553497
19,38912,681.264820358854,57,0.0,0.0,0.0,0.0,100.0,0.0,100.0,100.0,2.0773418322205544,0.004968796102730266,0.0005511420485504459,8.259480114247708e-05,0.002893599149624535,0.0,0.0,0.0,0.0
20,40960,679.9032671539951,60,0.0,0.0,0.0,0.0,100.0,0.0,100.0,100.0,2.0719079077243805,0.00620099146181019,0.001688454603026912,7.62404098963998e-05,0.003460509600046605,0.0,0.0,0.0,0.0
21,43008,696.8175388444259,63,0.06571428690637861,0.16256402473856177,0.0,0.5410000085830688,94.28571428571429,14.223196536921337,51.0,100.0,2.06729044765234,0.011447734432294965,-0.007548475597786819,0.0009850474068571202,0.01100349560344542,0.06571428690637861,0.16256402473856177,0.0,0.5410000085830688
22,45056,669.8250777868561,66,0.02366666744152705,0.11350134976783421,0.0,0.5680000185966492,97.83333333333333,10.390968300510893,48.0,100.0,2.0692212283611298,0.003761464384297142,-0.003448089686116873,0.0009788881017129825,0.00715066504782039,0.02366666744152705,0.11350134976783421,0.0,0.5680000185966492
23,47104,708.3555579451628,69,0.0,0.0,0.0,0.0,100.0,0.0,100.0,100.0,2.0768245309591293,0.012090824078768492,0.0032843151566339657,3.407392881626947e-05,0.0025069365119053536,0.0,0.0,0.0,0.0
24,49152,645.8262384883792,72,0.033416666090488434,0.16026070064077963,0.0,0.8019999861717224,96.75,15.58645245076634,22.0,100.0,2.073140986263752,0.014381176906681503,-0.0013736415749008302,0.001437028413306507,0.020232795677335574,0.033416666090488434,0.16026070064077963,0.0,0.8019999861717224
25,51200,665.7519102730099,75,0.06645833204189937,0.2236134972043983,0.0,0.9279999732971191,93.54166666666667,21.825022273120872,8.0,100.0,2.066937282681465,0.026573344162898138,0.000467723064502934,0.002249601443509164,0.015237952904707603,0.06645833204189937,0.2236134972043983,0.0,0.9279999732971191
26,53248,684.1593439156625,78,0.07968421045102571,0.23885010555508257,0.0,0.9279999732971191,92.3157894736842,23.23575428102798,8.0,100.0,2.0733466669917107,0.01878974685951107,0.002339957498406875,0.0011956427251789137,0.012242705113139912,0.07968421045102571,0.23885010555508257,0.0,0.9279999732971191
27,55296,678.864663465889,81,0.15395833427707353,0.30919296656880174,0.0,0.9549999833106995,85.20833333333333,29.99441498938687,5.0,100.0,2.042950864881277,0.04769017893704586,-0.009377341950312257,0.0057024739144253545,0.033547817953534814,0.15395833427707353,0.30919296656880174,0.0,0.9549999833106995
28,57344,655.8074552972964,84,0.12433333446582158,0.2653743716461239,0.0,0.8740000128746033,88.5,25.43127995205904,14.0,100.0,2.0419314727187157,0.06757839641068131,-0.002799048619635869,0.007094153028447181,0.03184765527016313,0.12433333446582158,0.2653743716461239,0.0,0.8740000128746033
29,59392,675.497687287485,87,0.2687931019684364,0.38814282432816616,0.0,0.9459999799728394,73.96551724137932,38.118221508084,6.0,100.0,2.027088187634945,0.10207478003576398,-0.010820240233442746,0.01132120828697225,0.04193412911165677,0.2687931019684364,0.38814282432816616,0.0,0.9459999799728394
30,61440,658.1578436960526,90,0.15533333449136644,0.32091971229764815,0.0,0.8650000095367432,84.85714285714286,31.305386291888393,15.0,100.0,2.042063571512699,0.04984633109415881,-0.003338630631333217,0.005004423970603966,0.023610932318851766,0.15533333449136644,0.32091971229764815,0.0,0.8650000095367432
31,63488,703.9672661743448,93,0.11650000054102677,0.27446427046374694,0.0,0.9100000262260437,89.1923076923077,26.77401040442195,10.0,100.0,2.0393568612635136,0.029470141627825797,-0.00015212586913548876,0.0038309081674015033,0.020927512899711512,0.11650000054102677,0.27446427046374694,0.0,0.9100000262260437
32,65536,661.1821682352737,96,0.2022000002861023,0.36088524621707213,0.0,0.9190000295639038,80.2,35.368912903848205,9.0,100.0,2.0289436876773834,0.036974908027332276,-0.012280592283786973,0.004869194703132962,0.02551739503276988,0.2022000002861023,0.36088524621707213,0.0,0.9190000295639038
33,67584,698.2303823405381,99,0.21247826322265292,0.3133186881966248,0.0,0.9010000228881836,80.73913043478261,30.36476417810095,11.0,100.0,2.017314340919256,0.10385050834156573,0.0010900882880378049,0.009507664479315281,0.03283110169801701,0.21247826322265292,0.3133186881966248,0.0,0.9010000228881836
34,69632,690.6304605245808,102,0.2160000021641071,0.3268411789852696,0.0,0.9190000295639038,79.84615384615384,31.591980856506446,9.0,100.0,2.0028868168592453,0.05835543593275361,-0.015142296437261393,0.006529238853545394,0.03246182885356001,0.2160000021641071,0.3268411789852696,0.0,0.9190000295639038
35,71680,672.0014594825018,105,0.14312499947845936,0.29736443755339387,0.0,0.9549999833106995,86.875,29.150918367466,5.0,100.0,2.0446460247039795,0.04465605830773711,0.004855657873122254,0.003649364851298742,0.02292824908215703,0.14312499947845936,0.29736443755339387,0.0,0.9549999833106995
36,73728,710.441434120074,108,0.1660769209265709,0.32045267064657357,0.0,0.9549999833106995,84.53846153846153,31.50241842881123,5.0,100.0,2.0565251260995865,0.057229374535381794,-0.0014763301260245498,0.006324173609755235,0.01567895843278535,0.1660769209265709,0.32045267064657357,0.0,0.9549999833106995
37,75776,683.1257425370926,111,0.15752174024996551,0.30078634431316187,0.0,0.847000002861023,84.91304347826087,28.871398579816525,17.0,100.0,2.0369721725583076,0.06651180918561295,-0.0016210735357162775,0.004601519450261549,0.01727003531950834,0.15752174024996551,0.30078634431316187,0.0,0.847000002861023
38,77824,700.7278400474964,114,0.23884615072837242,0.34279469635648385,0.0,0.9279999732971191,77.3076923076923,33.0614453948649,8.0,100.0,2.0264775529503822,0.08461676246952266,-0.006924772471393226,0.006762651020835619,0.02173351022783812,0.23884615072837242,0.34279469635648385,0.0,0.9279999732971191
39,79872,698.8219912738515,117,0.09279166782895724,0.2205515799451289,0.0,0.8379999995231628,91.54166666666667,20.65788623961534,18.0,100.0,2.050139404833317,0.04810971696861088,0.008875003175489837,0.003490730172416079,0.025048086405169305,0.09279166782895724,0.2205515799451289,0.0,0.8379999995231628
40,81920,679.7993660169745,120,0.1814166692396005,0.3019290692451173,0.0,0.9010000228881836,83.08333333333333,28.873166127430885,11.0,100.0,2.028943531215191,0.03907137218629941,-0.015280328836524859,0.006043010267603677,0.024600850824460938,0.1814166692396005,0.3019290692451173,0.0,0.9010000228881836
41,83968,719.6463863632422,123,0.2707200026512146,0.37198575724679755,0.0,0.9369999766349792,73.92,36.179463788176854,7.0,100.0,2.006836537271738,0.07587021356448531,-0.014721296494826674,0.007032883313513594,0.026799621766427865,0.2707200026512146,0.37198575724679755,0.0,0.9369999766349792
42,86016,682.3125210543469,126,0.20768965729351702,0.3048073586442498,0.0,0.9549999833106995,81.13793103448276,29.2877803610653,5.0,100.0,1.967937871813774,0.13184212986379862,-0.004083835217898013,0.010304429437383078,0.03364084217670278,0.20768965729351702,0.3048073586442498,0.0,0.9549999833106995
43,88064,704.4931745655524,129,0.3569600087404251,0.3663381558024182,0.0,0.9639999866485596,66.56,36.04783488643944,4.0,100.0,1.9776142872869968,0.12081500911153853,-0.010892775375396013,0.009289538298617117,0.03163070385947077,0.3569600087404251,0.3663381558024182,0.0,0.9639999866485596
44,90112,687.9858409994148,132,0.349258063781646,0.35302252087204294,0.0,0.9549999833106995,67.64516129032258,34.74195045975656,5.0,100.0,1.9359289444983006,0.17317574750632048,-0.009212777544234996,0.012968783266842365,0.055670598482909256,0.349258063781646,0.35302252087204294,0.0,0.9549999833106995
45,92160,675.6934911421337,135,0.24126666684945425,0.35001580184084924,0.0,0.9459999799728394,77.26666666666667,34.115424989617566,6.0,100.0,2.0048651583492756,0.1180481263436377,0.007227987365695299,0.007152600730478298,0.027042793710648508,0.24126666684945425,0.35001580184084924,0.0,0.9459999799728394
46,94208,691.8731025799492,138,0.21633333298895094,0.3364018741624738,0.0,0.9279999732971191,79.66666666666667,32.6870684590167,8.0,100.0,1.9984588287770748,0.10699585103429854,0.011947896386118373,0.007675343535083812,0.03580762757773866,0.21633333298895094,0.3364018741624738,0.0,0.9279999732971191
47,96256,683.5699327207683,141,0.28056521648946015,0.3710392929690661,0.0,0.9549999833106995,73.17391304347827,36.15744817601394,5.0,100.0,1.9836054891347885,0.11521126027218997,0.004943976171489339,0.007391257448034594,0.029479448736389937,0.28056521648946015,0.3710392929690661,0.0,0.9549999833106995
48,98304,703.1643037355662,144,0.22506666779518128,0.33643017680384624,0.0,0.9100000262260437,79.06666666666666,32.77288852423939,10.0,100.0,2.0089944154024124,0.11029320070520043,0.005489292128913803,0.008560280402889475,0.03116181175444325,0.22506666779518128,0.33643017680384624,0.0,0.9100000262260437
49,100352,679.1329700300054,147,0.2551538474284686,0.3487305223466949,0.0,0.9729999899864197,75.92307692307692,33.807057839500224,3.0,100.0,2.0027838833630085,0.13338143099099398,0.0068442442570813,0.006414241757738637,0.030053786521993475,0.2551538474284686,0.3487305223466949,0.0,0.9729999899864197
50,102400,680.6355641049879,150,0.2800370377522928,0.3939847231228349,0.0,0.9369999766349792,73.0,38.85585898906081,7.0,100.0,2.0150109119713306,0.08473955804947764,0.004620086556315073,0.005513515112397727,0.027583365686992857,0.2800370377522928,0.3939847231228349,0.0,0.9369999766349792
51,104448,699.4549252017239,153,0.22323076942792305,0.35862036142293546,0.0,0.9549999833106995,78.61538461538461,35.10651585704998,5.0,100.0,2.0244071632623672,0.0863390404265374,0.012132904019381385,0.006804204051150009,0.022107098593245996,0.22323076942792305,0.35862036142293546,0.0,0.9549999833106995
52,106496,684.0553909111679,156,0.1871923070687514,0.3237709312663852,0.0,0.9639999866485596,82.1923076923077,31.316030830586566,4.0,100.0,2.0330471880733967,0.05778819601982832,0.005192420076127746,0.0030379310010175686,0.020529097812443064,0.1871923070687514,0.3237709312663852,0.0,0.9639999866485596
53,108544,700.9986648281157,159,0.27903571512017933,0.3786915916363712,0.0,0.8920000195503235,72.96428571428571,36.82243313026249,12.0,100.0,2.0095084197819233,0.07714472198858857,-0.01146516825974686,0.005965859625575831,0.02595878684169356,0.27903571512017933,0.3786915916363712,0.0,0.8920000195503235
54,110592,680.4302024592313,162,0.12368181889707391,0.31174762479799417,0.0,0.9729999899864197,87.77272727272727,30.832290951034693,3.0,100.0,2.0464285537600517,0.023446488838089863,0.0009623860369174508,0.0029211775367912196,0.01624213117933472,0.12368181889707391,0.31174762479799417,0.0,0.9729999899864197
55,112640,677.8289071058,165,0.16153846107996428,0.3091075510573028,0.0,0.9459999799728394,84.61538461538461,29.911506562727176,6.0,100.0,2.0453680977225304,0.045680094335693866,-0.0019326178698975127,0.005621715457891696,0.021826509181665482,0.16153846107996428,0.3091075510573028,0.0,0.9459999799728394
56,114688,704.6284592168361,168,0.20349999918387487,0.33536194420775034,0.0,0.9729999899864197,80.8076923076923,32.66381110974373,3.0,100.0,2.02632212638855,0.07744596211705357,-0.005873604328371584,0.006502300486317836,0.026508480475530553,0.20349999918387487,0.33536194420775034,0.0,0.9729999899864197
57,116736,685.2944185256516,171,0.2614074073455952,0.3580245455629864,0.0,0.9549999833106995,75.48148148148148,35.06857870829708,5.0,100.0,2.009300883859396,0.08341577835381031,-0.005376786233682651,0.00834378979561734,0.029790708376440895,0.2614074073455952,0.3580245455629864,0.0,0.9549999833106995
58,118784,710.9696493105156,174,0.2769615398003505,0.37153449944545675,0.0,0.9279999732971191,73.5,36.22923808621557,8.0,100.0,1.9937249198555946,0.07694386737421155,0.004002173620392568,0.007056815251416992,0.028363460829649714,0.2769615398003505,0.37153449944545675,0.0,0.9279999732971191
59,120832,671.3897688017728,177,0.1399130458417146,0.27872769139761583,0.0,0.9100000262260437,86.8695652173913,26.641426303093045,10.0,100.0,2.029967486858368,0.05167000356595963,-0.00682750094892981,0.005434016748040449,0.02338844421315458,0.1399130458417146,0.27872769139761583,0.0,0.9100000262260437
60,122880,679.0067606348564,180,0.2678571433893272,0.36815803310004674,0.0,0.9639999866485596,75.0,36.409378697567156,4.0,100.0,1.999158889055252,0.09067536098882556,-0.008924564312110306,0.009445442534342874,0.038455673237983864,0.2678571433893272,0.36815803310004674,0.0,0.9639999866485596
61,124928,702.4610441496447,183,0.2758214292781694,0.3825990121432548,0.0,0.9549999833106995,73.32142857142857,37.386068424546835,5.0,100.0,2.0032735466957092,0.07252820243593305,-0.0058854467497440055,0.005190082469198387,0.02627084580263781,0.2758214292781694,0.3825990121432548,0.0,0.9549999833106995
62,126976,683.8421899930278,186,0.27248000144958495,0.39914109117340923,0.0,0.9549999833106995,73.28,39.194407764373736,5.0,100.0,2.0021941140294075,0.06078589300159365,-0.0037061972343508387,0.0031544013627353706,0.020113412285094265,0.27248000144958495,0.39914109117340923,0.0,0.9549999833106995
63,129024,704.7823573664306,189,0.31687097011073945,0.3885899061806312,0.0,0.9819999933242798,69.45161290322581,37.947194812959985,2.0,100.0,1.9799942150712013,0.09878922684583813,-0.029188804764999077,0.014504796927212738,0.04212161679816769,0.31687097011073945,0.3885899061806312,0.0,0.9819999933242798
64,131072,654.0807021423248,192,0.26234482896739036,0.33614614055412945,0.0,0.8920000195503235,75.44827586206897,32.3297516516124,12.0,100.0,1.9860255345702171,0.09808366012293845,0.0008974678348749876,0.007030593558738474,0.028252044219687952,0.26234482896739036,0.33614614055412945,0.0,0.8920000195503235
65,133120,611.1548775012895,195,0.314533331990242,0.377015271237247,0.0,0.9729999899864197,69.86666666666666,36.674908164696056,3.0,100.0,1.9844044372439384,0.10448793787509203,-0.01111945911179646,0.008130920286930632,0.02952118268537825,0.314533331990242,0.377015271237247,0.0,0.9729999899864197
66,135168,679.6053695404092,198,0.26134615334180683,0.37693377621341456,0.0,0.9459999799728394,74.8076923076923,36.87924080518556,6.0,100.0,1.9674271382391453,0.08746323583181947,-0.006568862587300828,0.0077657183464907575,0.028064836800324264,0.26134615334180683,0.37693377621341456,0.0,0.9459999799728394
67,137216,649.4925558437423,202,0.28031034407944516,0.3775681787677596,0.0,0.9819999933242798,73.06896551724138,36.87063221073786,2.0,100.0,1.9853779412806034,0.10130477277562022,0.0015119485642571817,0.00845407425367739,0.03603574614644933,0.28031034407944516,0.3775681787677596,0.0,0.9819999933242798
68,139264,591.3052134242587,205,0.10777272554961118,0.2634487876023771,0.0,0.9279999732971191,90.04545454545455,25.641722521786587,8.0,100.0,2.01741586253047,0.0457533816806972,0.007634064853391465,0.004186933520941238,0.021968790785488825,0.10777272554961118,0.2634487876023771,0.0,0.9279999732971191
69,141312,708.3223806673849,208,0.15568181669170206,0.322836907969325,0.0,0.9819999933242798,85.22727272727273,31.80184645608694,2.0,100.0,2.0079267360270023,0.04318722157040611,0.001857705876318505,0.004336337322456529,0.01788577814769169,0.15568181669170206,0.322836907969325,0.0,0.9819999933242798
70,143360,685.4848391384659,211,0.3051379281899025,0.3977768977548832,0.0,0.9549999833106995,70.3103448275862,38.9208776952775,5.0,100.0,1.9850385449826717,0.06999251211527735,-0.020930126775056124,0.007336913786275545,0.027729579373528802,0.3051379281899025,0.3977768977548832,0.0,0.9549999833106995
71,145408,706.4910732651626,214,0.26466666559378305,0.376507929448535,0.0,0.9279999732971191,74.66666666666667,36.94440267332644,8.0,100.0,1.9700878709554672,0.07994943135417998,-0.013345087743800832,0.00904469828310539,0.031503261566978184,0.26466666559378305,0.376507929448535,0.0,0.9279999732971191
72,147456,685.3028381087763,217,0.24403703930201354,0.3578108876641609,0.0,0.9190000295639038,77.0,35.07135583350036,9.0,100.0,1.992397103458643,0.08409410854801536,-0.0012867572404502425,0.007958768826938467,0.03354990552692644,0.24403703930201354,0.3578108876641609,0.0,0.9190000295639038
73,149504,682.4734704890345,220,0.43202941382632537,0.40525224708029417,0.0,0.9459999799728394,58.205882352941174,39.841435282855,6.0,100.0,1.9550939127802849,0.12298486544750631,-0.03110118134645745,0.012317172033363022,0.04141338518445829,0.43202941382632537,0.40525224708029417,0.0,0.9459999799728394
74,151552,701.8184746990879,223,0.3401290341731041,0.3995099230611425,0.0,0.9369999766349792,67.2258064516129,39.24917067331722,7.0,100.0,1.959750410169363,0.093978003365919,-6.576303348992951e-06,0.01049376748414943,0.0367294374597725,0.3401290341731041,0.3995099230611425,0.0,0.9369999766349792
75,153600,684.5545227124409,226,0.25400000369107284,0.3672964342172963,0.0,0.9010000228881836,75.48148148148148,35.704933127749506,11.0,100.0,1.994036965072155,0.0871135035995394,-0.0044140674281152315,0.00825787282519741,0.02854189612523292,0.25400000369107284,0.3672964342172963,0.0,0.9010000228881836
76,155648,709.640409661427,229,0.3009666641553243,0.4014319724586858,0.0,0.9549999833106995,70.63333333333334,39.33826240302041,5.0,100.0,1.997250061482191,0.09012863761745393,0.0010453243558004033,0.008853106421156554,0.03167960249991422,0.3009666641553243,0.4014319724586858,0.0,0.9549999833106995
77,157696,680.1158495515278,232,0.2980000006741491,0.3859854402034237,0.0,0.9190000295639038,71.10344827586206,37.57231631968722,9.0,100.0,1.938681360334158,0.14618756738491356,0.00528539641527459,0.013071170469629578,0.041176463114212095,0.2980000006741491,0.3859854402034237,0.0,0.9190000295639038
78,159744,674.0492433209961,235,0.36812120992125885,0.4180141160460347,0.0,0.9819999933242798,64.48484848484848,41.470779206657625,2.0,100.0,1.9237476512789726,0.18808185867965221,0.013222692978160921,0.012832227235776372,0.03756138289538933,0.36812120992125885,0.4180141160460347,0.0,0.9819999933242798
79,161792,707.4971625359033,238,0.27087999761104586,0.31794921380985963,0.0,0.9369999766349792,75.68,30.948628402564143,7.0,100.0,1.9466663114726543,0.17239019135013223,0.01336706145957578,0.010623775524436496,0.036416878066229855,0.27087999761104586,0.31794921380985963,0.0,0.9369999766349792
80,163840,623.3845738067192,241,0.2943461543092361,0.3390428781917812,0.0,0.8920000195503235,72.42307692307692,32.53421048790037,12.0,100.0,1.9604517295956612,0.14535477943718433,0.0029483064427040517,0.007098104862961918,0.028011425009142905,0.2943461543092361,0.3390428781917812,0.0,0.8920000195503235
81,165888,682.077440438464,244,0.24849999962108477,0.35179534430321063,0.0,0.9459999799728394,76.35714285714286,34.0852023671294,6.0,100.0,1.9673345163464546,0.1390522513538599,0.010425902659335406,0.007917501588963205,0.03374411704900589,0.24849999962108477,0.35179534430321063,0.0,0.9459999799728394
82,167936,655.5571092657178,247,0.21953571907111577,0.3323014497440363,0.0,0.9100000262260437,79.17857142857143,31.974379890589827,10.0,100.0,1.9913799092173576,0.13112656027078629,0.01433625269055483,0.005124028699356131,0.02588516490934708,0.21953571907111577,0.3323014497440363,0.0,0.9100000262260437
83,169984,663.4884830962084,250,0.3801875039935112,0.4015382533911757,0.0,0.9279999732971191,63.3125,39.395778247802134,8.0,100.0,1.9793320000171661,0.1397107841912657,-0.0008784511701378506,0.009566919114149641,0.028699602956205144,0.3801875039935112,0.4015382533911757,0.0,0.9279999732971191
84,172032,691.521423279461,253,0.3138571424143655,0.3587856203200587,0.0,0.9729999899864197,70.28571428571429,34.70987626316293,3.0,100.0,1.9692191109061241,0.14636567421257496,-0.008255535154603422,0.00909361257799901,0.028934659702806252,0.3138571424143655,0.3587856203200587,0.0,0.9729999899864197
85,174080,634.1267304907655,256,0.27223333567380903,0.3630284413664186,0.0,0.9100000262260437,74.56666666666666,35.727378235123204,10.0,100.0,1.9712310582399368,0.11271531344391406,0.006230302118638065,0.010379176776041277,0.03652510401707895,0.27223333567380903,0.3630284413664186,0.0,0.9100000262260437
86,176128,601.596827466529,260,0.38271428644657135,0.38414793085462884,0.0,0.9459999799728394,63.42857142857143,37.600749015553035,6.0,100.0,1.9446571916341782,0.14457434648647904,-0.022367482370100333,0.015154462729697116,0.04181148746219411,0.38271428644657135,0.38414793085462884,0.0,0.9459999799728394
87,178176,679.9832996729801,263,0.2082413804942164,0.33835216102305177,0.0,0.9190000295639038,80.3103448275862,32.94206350787631,9.0,100.0,1.995514590293169,0.08142621454317123,0.00505310144944815,0.006844969990197569,0.026767897934194547,0.2082413804942164,0.33835216102305177,0.0,0.9190000295639038
88,180224,672.1248149197509,266,0.4723076889148125,0.42238396077596807,0.0,0.9549999833106995,54.35897435897436,42.228612963181895,5.0,100.0,1.9459619261324406,0.12251965561881661,-0.01180762838339433,0.01352252256765496,0.03246904964817675,0.4723076889148125,0.42238396077596807,0.0,0.9549999833106995
89,182272,704.1622612060203,269,0.28381481214805887,0.3297306422700622,0.0,0.9459999799728394,73.81481481481481,31.775878385780757,6.0,100.0,1.9489763602614403,0.09622769802808762,-0.007714101215242408,0.011179644796357024,0.034116406662731046,0.28381481214805887,0.3297306422700622,0.0,0.9459999799728394
90,184320,681.2536361495759,272,0.3577666670084,0.4041242123204856,0.0,0.9639999866485596,65.43333333333334,39.69692123522371,4.0,100.0,1.9460329934954643,0.11436337465420365,-0.012281499828532105,0.010883754919632338,0.03839050866874799,0.3577666670084,0.4041242123204856,0.0,0.9639999866485596
91,186368,681.5633096204624,275,0.3711935493253892,0.415413080261728,0.0,0.9639999866485596,63.774193548387096,40.723861339688206,4.0,100.0,1.9447595700621605,0.11401106370612979,-0.01563941082531528,0.011154403633554466,0.038979626205295506,0.3711935493253892,0.415413080261728,0.0,0.9639999866485596
92,188416,700.3592235851474,278,0.3546923089485902,0.3816260553082509,0.0,0.9819999933242798,67.0,38.1787294787999,2.0,100.0,1.932472474873066,0.1011995526496321,-0.012103513334295712,0.016285174278891645,0.047008946422278944,0.3546923089485902,0.3816260553082509,0.0,0.9819999933242798
93,190464,531.9833152907661,282,0.3309444445702765,0.40179437410974045,0.0,0.9459999799728394,68.16666666666667,39.61796730441042,6.0,100.0,1.8973998464643955,0.14553642901591957,-0.00873249139976906,0.01305080993915908,0.04336320650413738,0.3309444445702765,0.40179437410974045,0.0,0.9459999799728394
94,192512,558.3873930117708,285,0.4913888867530558,0.4034542686683256,0.0,0.9729999899864197,52.5,39.99895831976961,3.0,100.0,1.8633503280580044,0.1710473601706326,-0.012458832687116228,0.013173340339562856,0.04164620527102879,0.4913888867530558,0.4034542686683256,0.0,0.9729999899864197
95,194560,706.171749018237,288,0.4525263148703073,0.3861525948113605,0.0,0.9639999866485596,56.73684210526316,38.18354854517041,4.0,100.0,1.8527288883924484,0.19632757175713778,-0.01763005569227971,0.015509672230109572,0.04430680744153033,0.4525263148703073,0.3861525948113605,0.0,0.9639999866485596
96,196608,686.8091652222776,291,0.43896774611165446,0.40812407484398605,0.0,0.9639999866485596,57.67741935483871,40.39673181988077,4.0,100.0,1.9143157042562962,0.1589790431316942,0.008520058192516444,0.011039015822461806,0.04282773590973804,0.43896774611165446,0.40812407484398605,0.0,0.9639999866485596
97,198656,694.6832864640942,294,0.33770588215659647,0.3921929694370682,0.0,0.9549999833106995,67.70588235294117,38.57805640498442,5.0,100.0,1.89516831189394,0.17556944023817778,0.002034958830336109,0.013126549718435854,0.0483586604096501,0.33770588215659647,0.3921929694370682,0.0,0.9549999833106995
98,200704,693.7218575735379,297,0.4165806472301483,0.40774658418409265,0.0,0.9549999833106995,59.806451612903224,40.23192389523741,5.0,100.0,1.9164028763771057,0.1449580432381481,0.009832080293563195,0.008827972676954232,0.03859147101992737,0.4165806472301483,0.40774658418409265,0.0,0.9549999833106995
99,202752,658.2837356315453,300,0.40285294020877166,0.41363746005846147,0.0,0.9639999866485596,60.794117647058826,40.56859072771962,4.0,100.0,1.8560417853295803,0.1750852749682963,-0.0028700553375529125,0.014520009397529066,0.05122872582504259,0.40285294020877166,0.41363746005846147,0.0,0.9639999866485596
100,204800,706.8812402494495,303,0.37512499559670687,0.42084503416708474,0.0,0.9549999833106995,63.875,41.88432731941627,5.0,100.0,1.8794799707829952,0.1491614538244903,0.006271068373280286,0.01346738870779518,0.051781552457748445,0.37512499559670687,0.42084503416708474,0.0,0.9549999833106995
101,206848,669.1190254187712,306,0.4503421069760072,0.4056909185122976,0.0,0.9639999866485596,56.39473684210526,39.92264854735982,4.0,100.0,1.8186871893703938,0.1864358400925994,-0.003364729982422432,0.01703601359622553,0.07219317799893588,0.4503421069760072,0.4056909185122976,0.0,0.9639999866485596
102,208896,686.8244865428151,309,0.4866190456918308,0.41092832888205244,0.0,0.9729999899864197,52.80952380952381,40.69528935839772,3.0,100.0,1.8546735644340515,0.20697037316858768,-0.007984234747709706,0.01861828645633068,0.051294810396185324,0.4866190456918308,0.41092832888205244,0.0,0.9729999899864197
103,210944,687.4201861874546,312,0.37382758383093206,0.4163667175222891,0.0,0.9639999866485596,63.827586206896555,41.154099779443136,4.0,100.0,1.9183637090027332,0.1280085702892393,0.02062823150845361,0.007726852400082862,0.03391770956972906,0.37382758383093206,0.4163667175222891,0.0,0.9639999866485596
104,212992,636.7600122934906,316,0.35686666866143546,0.4006165884579923,0.0,0.9639999866485596,65.53333333333333,39.27062798354799,4.0,100.0,1.9053967893123627,0.14196889684535563,0.002931966049800394,0.009464326700253878,0.04446616687248645,0.35686666866143546,0.4006165884579923,0.0,0.9639999866485596
105,215040,682.1440093998414,319,0.3222121208003073,0.4101313718346434,0.0,0.9639999866485596,68.57575757575758,40.298154182129544,4.0,100.0,1.8858343996107578,0.13519380427896976,0.018107355550455395,0.009063278259418439,0.03934217649954655,0.3222121208003073,0.4101313718346434,0.0,0.9639999866485596
106,217088,681.9193303136011,322,0.4449428541319711,0.4219670866049909,0.0,0.9729999899864197,57.22857142857143,42.289536506790704,3.0,100.0,1.8863498345017433,0.15491880592890084,-0.014438964513828978,0.014578783040633425,0.04443598793456733,0.4449428541319711,0.4219670866049909,0.0,0.9729999899864197
107,219136,674.9598511336819,325,0.45987179455084676,0.3950438578445966,0.0,0.9729999899864197,56.02564102564103,39.337779309454454,3.0,100.0,1.8428323864936829,0.18053583009168506,-0.0069679085554525955,0.01589420322852675,0.057323665986005065,0.45987179455084676,0.3950438578445966,0.0,0.9729999899864197
108,221184,698.5519365121239,328,0.3963611125946045,0.37157601185568573,0.0,0.9549999833106995,62.75,36.78720716650166,5.0,100.0,1.8658733628690243,0.16770983627066016,-0.0031832179447519593,0.013468522171024233,0.051941706085210745,0.3963611125946045,0.37157601185568573,0.0,0.9549999833106995
109,223232,669.0833762126352,331,0.536621621331653,0.35394199891610806,0.0,0.9549999833106995,48.78378378378378,35.31337326890375,5.0,100.0,1.7463725954294205,0.24427633453160524,-0.010381835381849669,0.01502885387162678,0.05919646298564671,0.536621621331653,0.35394199891610806,0.0,0.9549999833106995
110,225280,705.2424288898399,334,0.3407419367182639,0.38333796980885537,0.0,0.9459999799728394,67.51612903225806,37.56016332348112,6.0,100.0,1.784365452826023,0.19122435245662928,0.011127446887257975,0.011005070955434348,0.0524673466120768,0.3407419367182639,0.38333796980885537,0.0,0.9459999799728394
111,227328,666.0594230330685,337,0.4465833351843887,0.421631249481466,0.0,0.9729999899864197,56.861111111111114,42.015309893324584,3.0,100.0,1.7311353906989098,0.1987998322583735,0.016543511097552255,0.011314406568999402,0.04875741510456883,0.4465833351843887,0.421631249481466,0.0,0.9729999899864197
112,229376,679.5795618885716,340,0.564604650922986,0.3771394235314035,0.0,0.9549999833106995,45.53488372093023,37.720729503666874,5.0,100.0,1.7330074198544025,0.2228541779331863,-0.007092647276294883,0.014464470819802955,0.054196398983538216,0.564604650922986,0.3771394235314035,0.0,0.9549999833106995
113,231424,690.9721740410477,343,0.5514888856146071,0.3972428625751762,0.0,0.9819999933242798,46.37777777777778,39.38261821265761,2.0,100.0,1.7231788821518421,0.23482047067955136,-0.015297158883186057,0.017050742637366056,0.054719335598187854,0.5514888856146071,0.3972428625751762,0.0,0.9819999933242798
114,233472,671.4916923963032,346,0.42046874668449163,0.3997739946623027,0.0,0.9549999833106995,59.53125,39.36050080267653,5.0,100.0,1.8526223190128803,0.1871197703294456,0.015260094498444232,0.01169236990972422,0.04111859967026883,0.42046874668449163,0.3997739946623027,0.0,0.9549999833106995
115,235520,708.174814490175,349,0.37974193644139076,0.3557995073659206,0.0,0.9100000262260437,64.25806451612904,34.63726106836997,10.0,100.0,1.7750374786555767,0.23569075344130397,0.013780399392999243,0.013032182876486331,0.05021840238296975,0.37974193644139076,0.3557995073659206,0.0,0.9100000262260437
116,237568,645.9719874633855,352,0.46159459489422877,0.3833092354098152,0.0,0.9819999933242798,55.91891891891892,37.96825016316772,2.0,100.0,1.7341653183102608,0.22312545217573643,0.005311228968821524,0.013606449225335382,0.04101497326887228,0.46159459489422877,0.3833092354098152,0.0,0.9819999933242798
117,239616,668.9975522602826,355,0.4630000039935112,0.394182383963012,0.0,0.9459999799728394,55.5,38.96793553679743,6.0,100.0,1.7422248348593712,0.20944952964782715,0.005314908157743048,0.01483592418662738,0.05578758089066642,0.4630000039935112,0.394182383963012,0.0,0.9459999799728394
118,241664,715.0045549216744,358,0.34089655506199806,0.39647484451049103,0.0,0.9729999899864197,67.10344827586206,38.81729513892612,3.0,100.0,1.8268007449805737,0.15806764224544168,0.019983987556770444,0.009924993006279692,0.042699931524589514,0.34089655506199806,0.39647484451049103,0.0,0.9729999899864197
119,243712,673.8622676226327,361,0.43794117561158014,0.41119931657688646,0.0,0.9729999899864197,58.529411764705884,41.64149181802268,3.0,100.0,1.7875077351927757,0.18484401889145374,0.01735500585346017,0.012044864080962725,0.04001109088534301,0.43794117561158014,0.41119931657688646,0.0,0.9729999899864197
120,245760,707.2703243167894,364,0.35780000189940137,0.3794925050917093,0.0,0.9369999766349792,65.8,36.974225256701914,7.0,100.0,1.817177228629589,0.17431056359782815,0.010770999895612476,0.007459527885657735,0.03733055097446736,0.35780000189940137,0.3794925050917093,0.0,0.9369999766349792
121,247808,674.1652563503476,367,0.49256097543530347,0.40046863042622904,0.0,0.9819999933242798,52.31707317073171,39.54277648220311,2.0,100.0,1.8056286051869392,0.19270102912560105,-0.01108728330291342,0.015368637061328627,0.04757866258186791,0.49256097543530347,0.40046863042622904,0.0,0.9819999933242798
122,249856,670.828693881121,370,0.3996756769515373,0.4068739143200683,0.0,0.9729999899864197,61.2972972972973,39.93160697916679,3.0,100.0,1.8538874834775925,0.15711889788508415,0.01121411445637932,0.010889021461480297,0.039025223115457953,0.3996756769515373,0.4068739143200683,0.0,0.9729999899864197
123,251904,703.9655354206767,373,0.46070587941828894,0.39848865032942826,0.0,0.9639999866485596,56.0,39.838645145873414,4.0,100.0,1.8585464358329773,0.19110477063804865,0.0021368477355281357,0.014942144203814678,0.041631432395709066,0.46070587941828894,0.39848865032942826,0.0,0.9639999866485596
124,253952,674.2914718120862,376,0.4622941166162491,0.3804748979121785,0.0,0.9729999899864197,55.8235294117647,37.58321792896656,3.0,100.0,1.8319386318325996,0.21181667456403375,0.0026906640978268115,0.014609373625717126,0.042543669930658536,0.4622941166162491,0.3804748979121785,0.0,0.9729999899864197
125,256000,699.9765634001877,379,0.4619487180159642,0.3888524832654242,0.0,0.9549999833106995,55.794871794871796,38.54479876926393,5.0,100.0,1.8370620720088482,0.2038456783629954,-0.01217531173460884,0.013113755238009617,0.0370645369054812,0.4619487180159642,0.3888524832654242,0.0,0.9549999833106995
126,258048,673.391428249793,382,0.4026470570003285,0.40316781387383077,0.0,0.9729999899864197,61.470588235294116,39.98178651079959,3.0,100.0,1.84354043379426,0.17004539212211967,0.02661436708876863,0.007172000085120089,0.030152527639319922,0.4026470570003285,0.40316781387383077,0.0,0.9729999899864197
127,260096,630.8758262406388,385,0.4298611130151484,0.39895524588764547,0.0,0.9639999866485596,59.02777777777778,39.76911567697219,4.0,100.0,1.8105228208005428,0.17546994425356388,-0.00590723285858985,0.015247220871970057,0.05009425452908017,0.4298611130151484,0.39895524588764547,0.0,0.9639999866485596
128,262144,692.0833116736733,388,0.6117954569106753,0.34665987956562916,0.0,0.9819999933242798,41.11363636363637,35.03324129834076,2.0,100.0,1.7603430338203907,0.21021541999652982,-0.03744098079914693,0.01922052406007424,0.04541549767013323,0.6117954569106753,0.34665987956562916,0.0,0.9819999933242798
129,264192,677.2720277899681,391,0.4715250000357628,0.40082078147924044,0.0,0.9639999866485596,54.275,39.33636199497864,4.0,100.0,1.7940354198217392,0.18982787756249309,-0.013095164118567482,0.015738372851046734,0.04530416423586109,0.4715250000357628,0.40082078147924044,0.0,0.9639999866485596
130,266240,697.6448736396329,394,0.48179487310923064,0.4030288644830694,0.0,0.9819999933242798,53.58974358974359,40.08370597324602,2.0,100.0,1.8121342882514,0.19714785180985928,-0.002286287577589974,0.013718393165618181,0.04419590195150745,0.48179487310923064,0.4030288644830694,0.0,0.9819999933242798
131,268288,673.6633497447549,397,0.4792162131618809,0.35650291658281585,0.0,0.9729999899864197,55.16216216216216,36.110576060666254,3.0,100.0,1.7742058038711548,0.2107342928647995,0.00169411222304916,0.014625834242906421,0.05401975689810079,0.4792162131618809,0.35650291658281585,0.0,0.9729999899864197
132,270336,675.8254903017516,400,0.4357941150665283,0.3875153675543343,0.0,0.9639999866485596,58.44117647058823,38.36219890071827,4.0,100.0,1.7911761179566383,0.1653268684167415,0.0019170366176695097,0.012462377795600332,0.04912167719166335,0.4357941150665283,0.3875153675543343,0.0,0.9639999866485596
133,272384,695.3269779370017,403,0.6200196038858563,0.3742382810498579,0.0,0.9819999933242798,39.8235294117647,37.67961215109542,2.0,100.0,1.699623491615057,0.24204932525753975,-0.036366476022521965,0.017072258138796315,0.05806104561681816,0.6200196038858563,0.3742382810498579,0.0,0.9819999933242798
134,274432,668.9283671941637,406,0.511166666767427,0.3754128457416403,0.0,0.9549999833106995,51.404761904761905,37.85816859946101,5.0,100.0,1.7350772358477116,0.2153563373722136,-0.0017629016729188152,0.014752518472960219,0.03955895210747687,0.511166666767427,0.3754128457416403,0.0,0.9549999833106995
135,276480,692.9868624341224,409,0.44532352729755287,0.3977560362260367,0.0,0.9639999866485596,57.38235294117647,39.52141244341466,4.0,100.0,1.7910719141364098,0.20120041724294424,0.01842923341973801,0.010052388170151971,0.038170561507698285,0.44532352729755287,0.3977560362260367,0.0,0.9639999866485596
136,278528,671.3563958125487,412,0.48736585349571415,0.38023315786721634,0.0,0.9549999833106995,53.707317073170735,38.18711562973795,5.0,100.0,1.7657658457756042,0.21840131096541882,-0.006469939431553939,0.015071345202159137,0.046614545230668505,0.48736585349571415,0.38023315786721634,0.0,0.9549999833106995
137,280576,671.233846759506,416,0.4681428555931364,0.39190692220173573,0.0,0.9729999899864197,55.285714285714285,39.08567251459756,3.0,100.0,1.7608249336481094,0.21717743668705225,0.010723803017754108,0.01137537787144538,0.0412619498167683,0.4681428555931364,0.39190692220173573,0.0,0.9729999899864197
138,282624,698.8492242877256,418,0.5172888878318999,0.3986852065795445,0.0,0.9819999933242798,50.17777777777778,39.892794609157114,2.0,100.0,1.7588476575911045,0.2492340854369104,-0.002754470166109968,0.01548868918325752,0.05257522649335662,0.5172888878318999,0.3986852065795445,0.0,0.9819999933242798
139,284672,681.0849450219923,421,0.4951142868825367,0.4058725178120217,0.0,0.9729999899864197,51.97142857142857,40.105920983804666,3.0,100.0,1.8451646566390991,0.19351135939359665,0.023604315501870587,0.010045315269962884,0.03711482410457509,0.4951142868825367,0.4058725178120217,0.0,0.9729999899864197
140,286720,704.6005427516149,424,0.26859999895095826,0.35440078886890997,0.0,0.9279999732971191,74.6,34.38488039822155,8.0,100.0,1.8801966644823551,0.16474097268655896,0.029474783746991307,0.008083934422757011,0.031226927556032513,0.26859999895095826,0.35440078886890997,0.0,0.9279999732971191
141,288768,658.1085289752682,428,0.5050714306888127,0.4016644771881866,0.0,0.9639999866485596,51.023809523809526,39.68296269615805,4.0,100.0,1.8121598288416862,0.20076937461271882,-0.012076254071871517,0.01181207004992757,0.039483964017319274,0.5050714306888127,0.4016644771881866,0.0,0.9639999866485596
142,290816,661.8669205871536,431,0.46187179592939526,0.42022211359736683,0.0,0.9819999933242798,54.94871794871795,41.39239910278879,2.0,100.0,1.8095700852572918,0.20096751861274242,0.007046460763376672,0.012378889572573826,0.04610590452755502,0.46187179592939526,0.42022211359736683,0.0,0.9819999933242798
143,292864,700.1303191257417,434,0.5784583374237021,0.3716664045531943,0.0,0.9729999899864197,44.291666666666664,37.414880246886916,3.0,100.0,1.7346091717481613,0.28300787322223186,-0.02362559323228197,0.018425332644255832,0.0560405522575332,0.5784583374237021,0.3716664045531943,0.0,0.9729999899864197
144,294912,615.6983923627014,437,0.5456666676771074,0.3692991219141762,0.0,0.9729999899864197,47.57142857142857,36.80653594723869,3.0,100.0,1.7784452214837074,0.26324076019227505,0.010485762017196976,0.011535517071024515,0.04041074136150166,0.5456666676771074,0.3692991219141762,0.0,0.9729999899864197
145,296960,602.947896622357,440,0.42477419395600596,0.372468462937838,0.0,0.9369999766349792,59.61290322580645,36.551931610716636,7.0,100.0,1.85070825740695,0.19458432821556926,0.024591642315499485,0.010521630989387631,0.038799709456870696,0.42477419395600596,0.372468462937838,0.0,0.9369999766349792
146,299008,536.6916569865665,444,0.47786363383585756,0.3829830019971415,0.0,0.9639999866485596,54.22727272727273,37.89870688389083,4.0,100.0,1.801085952669382,0.2593553075566888,-0.008692889467056375,0.014720429200679064,0.046261150690025926,0.47786363383585756,0.3829830019971415,0.0,0.9639999866485596
147,301056,545.8133126342066,448,0.38925000047311187,0.38218001477103525,0.0,0.9459999799728394,63.0,37.59155490266397,6.0,100.0,1.8356371261179447,0.2029707203619182,0.02837325553991832,0.009464269242016599,0.034270908903691055,0.38925000047311187,0.38218001477103525,0.0,0.9459999799728394
148,303104,567.4162028879128,452,0.3782142831810883,0.3900537808716527,0.0,0.9639999866485596,63.92857142857143,38.411241445542416,4.0,100.0,1.85771032422781,0.19041106570512056,0.025174227124807658,0.00866245488577988,0.031048172370959276,0.3782142831810883,0.3900537808716527,0.0,0.9639999866485596
149,305152,632.3241092811605,455,0.41910526274066223,0.39898323189154367,0.0,0.9549999833106995,60.1578947368421,39.82826708163138,5.0,100.0,1.8744354881346226,0.18598037585616112,0.006655759887507884,0.010543752476223744,0.030473610335940773,0.41910526274066223,0.39898323189154367,0.0,0.9549999833106995
150,307200,687.6667267879291,458,0.46644444059994483,0.3832355954321593,0.0,0.9819999933242798,55.888888888888886,38.56796150071958,2.0,100.0,1.8740065693855286,0.1861238437704742,0.00878965044830693,0.010274336411384866,0.031265156274309834,0.46644444059994483,0.3832355954321593,0.0,0.9819999933242798
151,309248,665.5125288917149,461,0.36858620828595656,0.38457827559535834,0.0,0.9639999866485596,64.79310344827586,37.64844578038984,4.0,100.0,1.8716261088848114,0.17734693828970194,0.008656449732370675,0.008277994813397527,0.026956271646113097,0.36858620828595656,0.38457827559535834,0.0,0.9639999866485596
152,311296,704.7909156600073,464,0.40230555418464875,0.38559375508824456,0.0,0.9729999899864197,61.47222222222222,37.743642666393434,3.0,100.0,1.8507795333862305,0.16844554711133242,0.007372046362434048,0.01228963362518698,0.03845563931353185,0.40230555418464875,0.38559375508824456,0.0,0.9729999899864197
153,313344,663.5475773029158,467,0.4841142816202981,0.3837798999502225,0.0,0.9549999833106995,53.82857142857143,38.33125223573036,5.0,100.0,1.8665266819298267,0.20406694756820798,-0.02281597441287886,0.014768155902856961,0.0379528438832047,0.4841142816202981,0.3837798999502225,0.0,0.9549999833106995
154,315392,681.7616181318542,470,0.33929032183462576,0.3838001133805572,0.0,0.9729999899864197,67.6774193548387,37.64296369736203,3.0,100.0,1.8225750215351582,0.1969045433215797,0.01920966125180712,0.009245847977581434,0.037000407450144324,0.33929032183462576,0.3838001133805572,0.0,0.9729999899864197
155,317440,680.8057593277043,473,0.39229411807130365,0.3998476572900168,0.0,0.9549999833106995,62.294117647058826,39.3539962928983,5.0,100.0,1.7423361875116825,0.23244223929941654,0.018302278520422988,0.025279299909016117,0.0451039222706267,0.39229411807130365,0.3998476572900168,0.0,0.9549999833106995
156,319488,668.2158339576026,476,0.5404883740946304,0.39992484091011044,0.0,0.9729999899864197,47.69767441860465,39.964248490148904,3.0,100.0,1.7109935358166695,0.22102178446948528,0.00597804282369907,0.019275352562544867,0.04737559771580614,0.5404883740946304,0.39992484091011044,0.0,0.9729999899864197
157,321536,692.5195780967692,479,0.44350000032607245,0.3708703787499487,0.0,0.9729999899864197,57.911764705882355,36.60309183907735,3.0,100.0,1.7194355726242065,0.19952606596052647,-0.002467284860813379,0.01944409031420946,0.04910423483373777,0.44350000032607245,0.3708703787499487,0.0,0.9729999899864197
158,323584,668.8403436354996,482,0.5548571426244009,0.3803513133188537,0.0,0.9729999899864197,46.285714285714285,37.67990857478401,3.0,100.0,1.5909520275890827,0.27428489411249757,-0.005713922651921166,0.019482775212964043,0.05166822551871735,0.5548571426244009,0.3803513133188537,0.0,0.9729999899864197
159,325632,676.4420978873505,485,0.4682249963283539,0.37281104138757776,0.0,0.9729999899864197,55.475,36.9763353376183,3.0,100.0,1.7134877815842628,0.2438550149090588,-0.0038087842985987663,0.016736175603000447,0.04607040770785539,0.4682249963283539,0.37281104138757776,0.0,0.9729999899864197
160,327680,694.7643640592988,488,0.4684210552981025,0.3853861810431617,0.0,0.9729999899864197,55.26315789473684,38.28472569585224,3.0,100.0,1.7836529351770878,0.23204419389367104,-0.0070481521579495165,0.014109714873484336,0.04732744570933084,0.4684210552981025,0.3853861810431617,0.0,0.9729999899864197
161,329728,661.3572333283776,491,0.576325582903485,0.36457644951590096,0.0,0.9729999899864197,44.23255813953488,36.06121230617193,3.0,100.0,1.7598320916295052,0.2548541626892984,-0.004767584352521226,0.013387596787652,0.041670884687087205,0.576325582903485,0.36457644951590096,0.0,0.9729999899864197
162,331776,694.0976517988579,494,0.507650001347065,0.3679958932423566,0.0,0.9729999899864197,51.65,36.766526896077636,3.0,100.0,1.7148625329136848,0.28043754072859883,-0.010834333952516317,0.01649032242130488,0.04764641409045235,0.507650001347065,0.3679958932423566,0.0,0.9729999899864197
163,333824,650.8301778689233,497,0.5038139563660289,0.3932363806106474,0.0,0.9639999866485596,51.25581395348837,38.77069921165642,4.0,100.0,1.7263899073004723,0.2900240533053875,0.003278508513176348,0.014146208734018728,0.05071170593893906,0.5038139563660289,0.3932363806106474,0.0,0.9639999866485596
164,335872,660.5783228073209,501,0.3981818195545312,0.38373021262968465,0.0,0.9459999799728394,61.81818181818182,37.437992811916665,6.0,100.0,1.719088464975357,0.2514630714431405,0.047848469170276076,0.008576378626457881,0.042241727102790005,0.3981818195545312,0.38373021262968465,0.0,0.9459999799728394
165,337920,690.8756978078645,504,0.4936944403582149,0.3927142567203304,0.0,0.9819999933242798,52.861111111111114,39.46809736833716,2.0,100.0,1.7469408921897411,0.25678224582225084,0.020696366533229593,0.01325268461368978,0.0464980110559088,0.4936944403582149,0.3927142567203304,0.0,0.9819999933242798
166,339968,670.3306949883932,507,0.5385000045326623,0.3580783030969161,0.0,0.9459999799728394,48.5,35.68899754062231,6.0,100.0,1.7465109266340733,0.2600963111035526,-0.0013318232813617215,0.011961191659793258,0.03587424706060763,0.5385000045326623,0.3580783030969161,0.0,0.9459999799728394
167,342016,689.7560799972184,510,0.35700000343578203,0.38500343631522815,0.0,0.9549999833106995,66.28571428571429,38.09748505278188,5.0,100.0,1.8718976937234402,0.1856787414290011,0.028417371242539957,0.00659118065959774,0.026649140058468048,0.35700000343578203,0.38500343631522815,0.0,0.9549999833106995
168,344064,680.1907076056432,513,0.36953125055879354,0.3899931073337201,0.0,0.9729999899864197,64.84375,38.48060337283577,3.0,100.0,1.7903702966868877,0.21112336264923215,0.016024185599235352,0.013040871432167478,0.03596519073814279,0.36953125055879354,0.3899931073337201,0.0,0.9729999899864197
169,346112,675.509267640933,516,0.3344000016649564,0.36290004305673523,0.0,0.9459999799728394,68.4,35.269061040332026,6.0,100.0,1.9269027821719646,0.15484061744064093,0.006295770985161653,0.00843301553686615,0.027711870322995734,0.3344000016649564,0.36290004305673523,0.0,0.9459999799728394
170,348160,697.6837447790076,519,0.44051282069621944,0.37178866751072714,0.0,0.9729999899864197,58.46153846153846,37.03210398881306,3.0,100.0,1.839946873486042,0.23216066369786859,-0.0021626791640301235,0.013268757495097816,0.034010152889495326,0.44051282069621944,0.37178866751072714,0.0,0.9729999899864197
171,350208,674.6117471454243,522,0.5125135147088283,0.36866102837927706,0.0,0.9459999799728394,51.16216216216216,36.881485513783645,6.0,100.0,1.8601394928991795,0.2004819787107408,-0.009907975760143017,0.010818765906151384,0.034474214096248845,0.5125135147088283,0.36866102837927706,0.0,0.9459999799728394
172,352256,700.3951426289332,525,0.43876470647314014,0.3666700754661267,0.0,0.9639999866485596,58.76470588235294,36.55620879391192,4.0,100.0,1.8927632495760918,0.19849317194893956,-0.00225805250738631,0.009565424916218035,0.028874015013600193,0.43876470647314014,0.3666700754661267,0.0,0.9639999866485596
173,354304,664.9874322611471,528,0.3955294139244977,0.3769401753743362,0.0,0.9729999899864197,62.588235294117645,37.173771309303575,3.0,100.0,1.8354326114058495,0.23576554749161005,0.011084148733061738,0.013437273591989651,0.041664485724917474,0.3955294139244977,0.3769401753743362,0.0,0.9729999899864197
174,356352,668.8165447942318,531,0.3717272733197068,0.3641610764980635,0.0,0.9459999799728394,64.75757575757575,35.363934978355445,6.0,100.0,1.8434689603745937,0.19473613845184445,0.012254658577148803,0.008175000024493784,0.028869970355093248,0.3717272733197068,0.3641610764980635,0.0,0.9459999799728394
175,358400,701.5746912394461,534,0.4047575800707846,0.3665089253201583,0.0,0.9639999866485596,61.42424242424242,35.560473718621154,4.0,100.0,1.8485595174133778,0.2004237538203597,0.013364636812184472,0.007459809130523354,0.027473760976572663,0.4047575800707846,0.3665089253201583,0.0,0.9639999866485596
176,360448,671.1378742549941,537,0.3407666698098183,0.3346503368834642,0.0,0.9010000228881836,68.43333333333334,32.37765004169114,11.0,100.0,1.8483121767640114,0.20195451984182,-0.012988271696031006,0.011713843035977334,0.03592543797659844,0.3407666698098183,0.3346503368834642,0.0,0.9010000228881836
177,362496,704.2606364662539,540,0.48405262749446065,0.3840615955085396,0.0,0.9729999899864197,53.526315789473685,37.9464559347186,3.0,100.0,1.8665854893624783,0.19469128642231226,-0.004704217320977477,0.011702251402311958,0.036498953200503996,0.48405262749446065,0.3840615955085396,0.0,0.9729999899864197
178,364544,670.3617165136556,543,0.470594599037557,0.39349113193481455,0.0,0.9729999899864197,54.91891891891892,39.133436576548235,3.0,100.0,1.802423182874918,0.18693016562610865,0.006019647906214232,0.010821677526109852,0.03612844035764737,0.470594599037557,0.39349113193481455,0.0,0.9729999899864197
179,366592,673.045625318994,546,0.4415588273721583,0.41536569520824757,0.0,0.9729999899864197,57.14705882352941,40.980721689265195,3.0,100.0,1.8272775039076805,0.15785589488223195,-0.0002988458445543074,0.008421420876402408,0.03316474027469565,0.4415588273721583,0.41536569520824757,0.0,0.9729999899864197
180,368640,699.3535035801228,549,0.2644827602238491,0.35397551394428267,0.0,0.9549999833106995,74.82758620689656,34.21440407047507,5.0,100.0,1.8586222939193249,0.1240624247584492,0.009428435339941643,0.007261083796038292,0.03218483717349064,0.2644827602238491,0.35397551394428267,0.0,0.9549999833106995
181,370688,677.5832756975611,552,0.5098205140003791,0.3729034997461952,0.0,0.9819999933242798,51.61538461538461,37.64995003545933,2.0,100.0,1.833068959414959,0.1910910843871534,-0.030188806405931246,0.01570829418778885,0.03954650939425525,0.5098205140003791,0.3729034997461952,0.0,0.9819999933242798
182,372736,666.5573001538913,555,0.344655173605886,0.3886919075676049,0.0,0.9639999866485596,67.06896551724138,38.15569829950632,4.0,100.0,1.894348081201315,0.1606185552664101,0.00789918427108205,0.009022217156598344,0.03283211515791661,0.344655173605886,0.3886919075676049,0.0,0.9639999866485596
183,374784,687.5786562753717,558,0.4348648653642551,0.36119465096892217,0.0,0.9549999833106995,59.189189189189186,35.90892220517319,5.0,100.0,1.8253280222415924,0.20676613226532936,-0.0085534683385049,0.01447826495859772,0.04271786526381792,0.4348648653642551,0.36119465096892217,0.0,0.9549999833106995
184,376832,668.184438978272,561,0.3726875002030283,0.37980623532508745,0.0,0.9819999933242798,65.1875,37.90567033769486,2.0,100.0,1.8530928380787373,0.18667392106726766,0.005548646378883859,0.010637405153829604,0.035472228863861914,0.3726875002030283,0.37980623532508745,0.0,0.9819999933242798
185,378880,695.3932310279861,564,0.5872500013898719,0.35091556434909016,0.0,0.9819999933242798,43.84090909090909,35.70710597843757,2.0,100.0,1.7593427151441574,0.25427090330049396,-0.02960668930609245,0.01881783480348531,0.04537190894059551,0.5872500013898719,0.35091556434909016,0.0,0.9819999933242798
186,380928,672.9199812145006,567,0.5126888874504302,0.39346358155455396,0.0,0.9819999933242798,50.68888888888889,39.29253376758164,2.0,100.0,1.7316944301128387,0.23050145246088505,-0.0034868898292188533,0.015014077915111557,0.03888132170171384,0.5126888874504302,0.39346358155455396,0.0,0.9819999933242798
187,382976,692.3117822046308,570,0.5712926805746265,0.3567713770332641,0.0,0.9729999899864197,45.19512195121951,35.81811744327513,3.0,100.0,1.7120198793709278,0.2697625467553735,-0.0045574711984954774,0.01367956752073951,0.04650302296082384,0.5712926805746265,0.3567713770332641,0.0,0.9729999899864197
188,385024,683.379595752831,573,0.6279622615789467,0.3305644065032969,0.0,0.9819999933242798,39.660377358490564,33.627786913321984,2.0,100.0,1.626474343240261,0.3180113863199949,-0.019553785652533406,0.01774576073512435,0.05031445511022736,0.6279622615789467,0.3305644065032969,0.0,0.9819999933242798
189,387072,660.2803154949446,576,0.5173863585699688,0.3853233668217446,0.0,0.9549999833106995,50.34090909090909,38.48727250180375,5.0,100.0,1.742503397166729,0.2650537434965372,0.0018558859737822786,0.015468107361812145,0.04772169817512038,0.5173863585699688,0.3853233668217446,0.0,0.9549999833106995
190,389120,709.8490606452057,579,0.5237619018270856,0.3887561828176133,0.0,0.9819999933242798,49.476190476190474,38.62532976911968,2.0,100.0,1.772140372544527,0.2431614939123392,0.0270221111131832,0.012647818119148724,0.03845272956497543,0.5237619018270856,0.3887561828176133,0.0,0.9819999933242798
191,391168,651.2840585298807,582,0.5824000002609359,0.3553497440120905,0.0,0.9729999899864197,44.17777777777778,35.93159481811014,3.0,100.0,1.7099671252071857,0.2650462365709245,-0.000863431989273522,0.014352753292769194,0.038309309719514135,0.5824000002609359,0.3553497440120905,0.0,0.9729999899864197
192,393216,685.6732857658171,585,0.6141702139631231,0.3357219796426354,0.0,0.9819999933242798,40.97872340425532,33.92324839028578,2.0,100.0,1.7404881417751312,0.27493418753147125,-0.002184638455219101,0.012291973835090175,0.03952649871131261,0.6141702139631231,0.3357219796426354,0.0,0.9819999933242798
193,395264,690.6250744799389,588,0.4952564056103046,0.34961654271485326,0.0,0.9549999833106995,52.94871794871795,34.48370013904281,5.0,100.0,1.7618878595530987,0.26459235372021794,-0.001517682571829937,0.014039868314284831,0.04079858189879947,0.4952564056103046,0.34961654271485326,0.0,0.9549999833106995
194,397312,665.2030481554917,591,0.5137222218844626,0.36652448679567273,0.0,0.9639999866485596,50.94444444444444,36.48206899320119,4.0,100.0,1.7958178520202637,0.26393836829811335,0.020685126773969387,0.010298535184119828,0.03627669293065103,0.5137222218844626,0.36652448679567273,0.0,0.9639999866485596
195,399360,698.730699410353,594,0.34974285619599477,0.3483482092802037,0.0,0.9459999799728394,67.17142857142858,33.674480133253695,6.0,100.0,1.8259133286774158,0.22966894833371043,0.02096915547735989,0.012472037138650194,0.03468098778863852,0.34974285619599477,0.3483482092802037,0.0,0.9459999799728394
196,401408,681.9955605641281,597,0.5120270264309805,0.35507718684739104,0.0,0.9729999899864197,51.21621621621622,35.202222852983134,3.0,100.0,1.7689210139214993,0.26516400557011366,0.0025063653192773927,0.012132065734476782,0.035747667476977704,0.5120270264309805,0.35507718684739104,0.0,0.9729999899864197
197,403456,675.1968435446956,600,0.5312857120519593,0.38083937612078606,0.0,0.9729999899864197,48.904761904761905,37.96038632186474,3.0,100.0,1.7506760843098164,0.25197377847507596,-0.006530196311359759,0.013591773444204591,0.03672668876651044,0.5312857120519593,0.38083937612078606,0.0,0.9729999899864197
198,405504,682.6975925467611,603,0.5593404275305728,0.361820825875968,0.0,0.9639999866485596,46.361702127659576,36.26464518949252,4.0,100.0,1.6993992030620575,0.2784651666879654,-0.001546228006191086,0.014922459900844842,0.041576341160842564,0.5593404275305728,0.361820825875968,0.0,0.9639999866485596
199,407552,678.6506640832976,606,0.477378380056974,0.4040499284466573,0.0,0.9729999899864197,53.86486486486486,39.98186221354403,3.0,100.0,1.8027743436396122,0.21924206288531423,0.02067040889232885,0.010773220361443236,0.03389000581187532,0.477378380056974,0.4040499284466573,0.0,0.9729999899864197
200,409600,707.8371095371023,609,0.6063043458954148,0.3805439939903641,0.0,0.9549999833106995,41.08695652173913,38.10901187894294,5.0,100.0,1.7428700253367424,0.24808194814249873,-0.004502087424043566,0.016597765439655632,0.04232125246290483,0.6063043458954148,0.3805439939903641,0.0,0.9549999833106995
201,411648,672.4422452258194,612,0.5470731661814016,0.394436573578609,0.0,0.9819999933242798,47.073170731707314,39.38205004257925,2.0,100.0,1.8030863292515278,0.19462850503623486,0.018888196063926443,0.014493839757051319,0.04581223833065455,0.5470731661814016,0.394436573578609,0.0,0.9819999933242798
202,413696,698.8751516342819,615,0.48663636364720086,0.4026114230059406,0.0,0.9819999933242798,53.0,39.91012630671797,2.0,100.0,1.8359875530004501,0.20580076146870852,-0.00854920962228789,0.016280646581435576,0.0379312408197492,0.48663636364720086,0.4026114230059406,0.0,0.9819999933242798
203,415744,696.2277374217477,618,0.49000000051761927,0.38626654327798937,0.0,0.9819999933242798,53.1578947368421,38.55653833268031,2.0,100.0,1.7872311808168888,0.20073082530871034,-0.01068686575308675,0.013565757180913351,0.04207781960358759,0.49000000051761927,0.38626654327798937,0.0,0.9819999933242798
204,417792,673.487412745866,621,0.5793333294845763,0.3650789623562955,0.0,0.9819999933242798,44.095238095238095,36.43180813507518,2.0,100.0,1.7556865774095058,0.22550622327253222,-0.016394073907576967,0.01603403958142735,0.04467045480507578,0.5793333294845763,0.3650789623562955,0.0,0.9819999933242798
205,419840,701.6658680902233,624,0.4915714278107598,0.4035410584609306,0.0,0.9729999899864197,52.523809523809526,40.06615844018734,3.0,100.0,1.7702676728367805,0.21951389033347368,-0.009430591464479221,0.01772983839327935,0.043078948513299645,0.4915714278107598,0.4035410584609306,0.0,0.9729999899864197
206,421888,684.0704261838988,627,0.5493777811527252,0.3479106730369069,0.0,0.9729999899864197,47.6,34.845946679635496,3.0,100.0,1.742272738367319,0.26706617791205645,-0.02032504212547792,0.01660982664907351,0.04259288154238797,0.5493777811527252,0.3479106730369069,0.0,0.9729999899864197
207,423936,716.3799728323962,630,0.6545185187348613,0.3276914589449108,0.0,0.9729999899864197,36.74074074074074,33.19425719250868,3.0,100.0,1.6959859915077686,0.34752403758466244,-0.01738160048262216,0.01952953531872481,0.04750914243887929,0.6545185187348613,0.3276914589449108,0.0,0.9729999899864197
208,425984,674.0197835336419,633,0.5346749972552061,0.36056402616374844,0.0,0.9549999833106995,48.925,36.02942373949381,5.0,100.0,1.790316242724657,0.2476389054208994,0.009415759821422398,0.014527446255669929,0.038581208857031986,0.5346749972552061,0.36056402616374844,0.0,0.9549999833106995
209,428032,681.527836141371,636,0.5306744176981061,0.36644519187221497,0.0,0.9729999899864197,49.04651162790697,36.29014440388073,3.0,100.0,1.7974983230233192,0.2609204645268619,0.0002212346880696714,0.014601176837459207,0.050689237182893296,0.5306744176981061,0.36644519187221497,0.0,0.9729999899864197
210,430080,686.3741932844446,639,0.4783783812780638,0.37081454186650387,0.0,0.9549999833106995,54.054054054054056,36.203587955642504,5.0,100.0,1.7672321759164333,0.2475498695857823,0.012544895569590153,0.014043219824088737,0.04688262986442704,0.4783783812780638,0.37081454186650387,0.0,0.9549999833106995
211,432128,686.6119711189143,642,0.5218095211755662,0.396398861365242,0.0,0.9639999866485596,49.42857142857143,39.21560844330011,4.0,100.0,1.7470106221735477,0.23119171243160963,-0.003965697738749441,0.014520953394821845,0.04397430971019145,0.5218095211755662,0.396398861365242,0.0,0.9639999866485596
212,434176,694.8278121873402,645,0.5320888850424025,0.3865130018735842,0.0,0.9549999833106995,48.53333333333333,38.23703847202488,5.0,100.0,1.7259184680879116,0.23000367870554328,-0.0119160504109459,0.01378496982215438,0.041291156996064844,0.5320888850424025,0.3865130018735842,0.0,0.9549999833106995
213,436224,677.8060153335249,648,0.5688297888065906,0.4024018490448727,0.0,0.9729999899864197,44.361702127659576,39.71999096436383,3.0,100.0,1.728167813271284,0.24806517222896218,0.019357303281140048,0.012959816274815239,0.04149552296267081,0.5688297888065906,0.4024018490448727,0.0,0.9729999899864197
214,438272,688.8128162178083,651,0.41368750110268593,0.4049619934870108,0.0,0.9549999833106995,59.9375,39.70590124591054,5.0,100.0,1.7847963273525238,0.19024985982105136,0.028331051231361926,0.012259451497811824,0.049879371886431045,0.41368750110268593,0.4049619934870108,0.0,0.9549999833106995
215,440320,702.5631967768543,654,0.5348809545948392,0.4046484790164215,0.0,0.9819999933242798,47.976190476190474,40.1084767760763,2.0,100.0,1.8069829121232033,0.180240364279598,0.002445621656079311,0.017380949153448455,0.04850127907041601,0.5348809545948392,0.4046484790164215,0.0,0.9819999933242798
216,442368,689.2849550577171,657,0.5192195122561803,0.3824442886394699,0.0,0.9819999933242798,50.4390243902439,38.54870139882783,2.0,100.0,1.8056052215397358,0.20596530009061098,-0.011106252983154263,0.015881230370723642,0.04560214772742113,0.5192195122561803,0.3824442886394699,0.0,0.9819999933242798
217,444416,681.0800848446713,660,0.5370454517277804,0.38822450782220447,0.0,0.9639999866485596,48.40909090909091,39.03280565569649,4.0,100.0,1.7591881304979324,0.23817570321261883,-0.0038292104109132197,0.016229587112320587,0.04251303655845995,0.5370454517277804,0.38822450782220447,0.0,0.9639999866485596
218,446464,694.7396398487575,663,0.48345161301474415,0.3877531502249217,0.0,0.9819999933242798,53.45161290322581,38.221627646912005,2.0,100.0,1.8050274178385735,0.20043580932542682,0.02193373026966583,0.009382050535350572,0.038040057921709225,0.48345161301474415,0.3877531502249217,0.0,0.9819999933242798
219,448512,680.0658277065836,666,0.429849997907877,0.41545827120588974,0.0,0.9729999899864197,58.35,41.03507645904903,3.0,100.0,1.7672153897583485,0.2352440096437931,0.02706315165187334,0.016275234782369807,0.06355651328500433,0.429849997907877,0.41545827120588974,0.0,0.9729999899864197
220,450560,710.948289084535,669,0.42645945742323593,0.4233672957616654,0.0,0.9549999833106995,58.62162162162162,41.9487147316889,5.0,100.0,1.7881219387054443,0.1639565071091056,0.016157034537172876,0.010780708282254636,0.03790379347245652,0.42645945742323593,0.4233672957616654,0.0,0.9549999833106995
221,452608,682.0534484654673,672,0.4069393909338749,0.39264741778246226,0.0,0.9639999866485596,61.18181818181818,38.82318468932562,4.0,100.0,1.8188730217516422,0.153038973454386,0.0017840900472947396,0.010768423759145662,0.0371828656381592,0.4069393909338749,0.39264741778246226,0.0,0.9639999866485596
222,454656,704.423847593993,675,0.5132439052913247,0.39121803562793495,0.0,0.9549999833106995,50.5609756097561,38.91582459522391,5.0,100.0,1.7762144282460213,0.17791090533137321,-0.014270208612288116,0.010857081157155335,0.03438446813544496,0.5132439052913247,0.39121803562793495,0.0,0.9549999833106995
223,456704,666.7977961815716,678,0.5673095248639584,0.3846303416080374,0.0,0.9729999899864197,45.166666666666664,38.51525156577071,3.0,100.0,1.7296871952712536,0.21864410815760493,-0.01629488695107284,0.013355838367715478,0.04359658199209961,0.5673095248639584,0.3846303416080374,0.0,0.9729999899864197
224,458752,671.5222440114652,681,0.60953061069761,0.3328875557022778,0.0,0.9729999899864197,41.57142857142857,33.7523997635119,3.0,100.0,1.6978531442582607,0.25711787631735206,-0.038802163959189784,0.01714773240382783,0.042415221336600806,0.60953061069761,0.3328875557022778,0.0,0.9729999899864197
225,460800,664.4965230090055,684,0.5218292681909189,0.3886482458395329,0.0,0.9639999866485596,49.8780487804878,38.900244605131775,4.0,100.0,1.7257775478065014,0.22281439090147614,-0.00011653852925519459,0.01349957326601725,0.04184358618886207,0.5218292681909189,0.3886482458395329,0.0,0.9639999866485596
226,462848,610.0639870378526,688,0.5910000000149012,0.37819340107128313,0.0,0.9819999933242798,42.666666666666664,37.737764757453355,2.0,100.0,1.6893651373684406,0.24577308492735028,-0.003795930686464999,0.01427081658039242,0.04213808780399722,0.5910000000149012,0.37819340107128313,0.0,0.9819999933242798
227,464896,652.4682661401104,691,0.443388888405429,0.36642963939452405,0.0,0.9819999933242798,57.833333333333336,35.92778250261983,2.0,100.0,1.743084967136383,0.18937388295307755,0.007862680264224764,0.01332299446221441,0.04135268860303601,0.443388888405429,0.36642963939452405,0.0,0.9819999933242798
228,466944,702.2132550423628,694,0.5525333288643095,0.3725687129524906,0.0,0.9729999899864197,46.75555555555555,37.06759924219866,3.0,100.0,1.701913744211197,0.2553733689710498,-0.018338117879466154,0.014066141011426225,0.047446229495613904,0.5525333288643095,0.3725687129524906,0.0,0.9729999899864197
229,468992,687.6633136353786,697,0.5871555530362659,0.37010634581938084,0.0,0.9549999833106995,43.15555555555556,36.871522016353886,5.0,100.0,1.6833811439573765,0.22900398494675756,-0.007833990352082765,0.014597500223317184,0.043633522429499964,0.5871555530362659,0.37010634581938084,0.0,0.9549999833106995
230,471040,716.5716242983864,700,0.5890833325684071,0.394562934195786,0.0,0.9729999899864197,42.416666666666664,39.02874652811124,3.0,100.0,1.7091714888811111,0.22339198412373662,0.008661259635118768,0.014482110374956392,0.04309698171609983,0.5890833325684071,0.394562934195786,0.0,0.9729999899864197
231,473088,671.1908917374132,703,0.5734999968924306,0.36818513389780516,0.0,0.9549999833106995,44.86363636363637,37.05989679442217,5.0,100.0,1.7121869921684265,0.23535148333758116,0.007102708896127297,0.013836233265465125,0.04199604614512765,0.5734999968924306,0.36818513389780516,0.0,0.9549999833106995
232,475136,694.4131644276994,706,0.4541463397625016,0.3714249783722284,0.0,0.9459999799728394,56.58536585365854,36.3532637577668,6.0,100.0,1.7054728791117668,0.21086115716025233,-0.004778317983436864,0.011448904784629121,0.03861856042225848,0.4541463397625016,0.3714249783722284,0.0,0.9459999799728394
233,477184,703.0527118398252,709,0.5972499984006087,0.3304976336736732,0.0,0.9639999866485596,42.666666666666664,33.02734557235194,4.0,100.0,1.6538583002984524,0.2904331348836422,-0.011471593017631676,0.015623860381310806,0.0494529390469843,0.5972499984006087,0.3304976336736732,0.0,0.9639999866485596
234,479232,684.1479009999388,712,0.5470499966293574,0.3645260556186051,0.0,0.9639999866485596,47.55,36.413562033945546,4.0,100.0,1.661710437387228,0.2555690249428153,0.0057955432566814125,0.014369859476573765,0.0443254223011218,0.5470499966293574,0.3645260556186051,0.0,0.9639999866485596
235,481280,695.4950838891668,715,0.43386842271215037,0.3673174572802014,0.0,0.9819999933242798,59.39473684210526,36.79783994925175,2.0,100.0,1.7018507272005081,0.22647111350670457,0.030710639082826674,0.011878781355335377,0.04085189192943805,0.43386842271215037,0.3673174572802014,0.0,0.9819999933242798
236,483328,681.5548735194318,718,0.4632424238053235,0.36241295867927437,0.0,0.9819999933242798,56.27272727272727,36.069186654197196,2.0,100.0,1.6822912395000458,0.2238619918935001,0.010872619925066829,0.01132075148052536,0.04132562743345575,0.4632424238053235,0.36241295867927437,0.0,0.9819999933242798
237,485376,705.4600305395069,720,0.4619189218894855,0.33031274268623845,0.0,0.9729999899864197,56.78378378378378,32.60503620122174,3.0,100.0,1.7208498232066631,0.2378570339642465,0.004992723230316187,0.012391943484544754,0.043163858691793955,0.4619189218894855,0.33031274268623845,0.0,0.9729999899864197
238,487424,693.6985520083251,723,0.386741935726135,0.3552921541996594,0.0,0.9819999933242798,63.83870967741935,34.90087047088353,2.0,100.0,1.648234698921442,0.3382221683859825,0.03073975644656457,0.014904206618666649,0.05530111962482746,0.386741935726135,0.3552921541996594,0.0,0.9819999933242798
239,489472,680.4021224588985,726,0.37200000186761223,0.3472180878653137,0.0,0.9639999866485596,65.33333333333333,33.92082284117268,4.0,100.0,1.6506102234125137,0.31507002748548985,0.04790608206531033,0.01299437799025327,0.05645511311811373,0.37200000186761223,0.3472180878653137,0.0,0.9639999866485596
240,491520,715.3767779934103,729,0.41556756641413717,0.3932299733288879,0.0,0.9549999833106995,60.432432432432435,39.02289039992237,5.0,100.0,1.6113895401358604,0.29873796831816435,0.05665309529285878,0.016053426603320986,0.06065969930209859,0.41556756641413717,0.3932299733288879,0.0,0.9549999833106995
241,493568,676.3146501104,732,0.28944444601182584,0.37360856488678124,0.0,0.9549999833106995,72.77777777777777,36.83329143620878,5.0,100.0,1.7265996970236301,0.24097959836944938,0.05469168513081968,0.008559272610000335,0.04121956898147176,0.28944444601182584,0.37360856488678124,0.0,0.9549999833106995
242,495616,709.3722991724064,735,0.27481481626077936,0.34068015145487873,0.0,0.9369999766349792,74.81481481481481,33.34448373173705,7.0,100.0,1.8202224038541317,0.19770739460363984,0.03868100594263524,0.007148201766540296,0.03238008540786759,0.27481481626077936,0.34068015145487873,0.0,0.9369999766349792
243,497664,690.8753088453302,738,0.38664516518192904,0.39968387512092185,0.0,0.9639999866485596,62.774193548387096,39.25656688637551,4.0,100.0,1.8293768465518951,0.1667278022505343,0.009965806850232184,0.010617948704748414,0.036172636320656044,0.38664516518192904,0.39968387512092185,0.0,0.9639999866485596
244,499712,682.5085544239564,741,0.37806249782443047,0.35992194323513743,0.0,0.9729999899864197,64.9375,35.75169357876631,3.0,100.0,1.8236338682472706,0.1583715253509581,-0.00111318587732967,0.012405915593262762,0.03544554081666029,0.37806249782443047,0.35992194323513743,0.0,0.9729999899864197
245,501760,701.5764675576402,744,0.43902857261044637,0.391198560668554,0.0,0.9729999899864197,57.885714285714286,38.54034726552083,3.0,100.0,1.802122451364994,0.16933396994136274,-0.01499926055839751,0.009263049447326921,0.036109372242461454,0.43902857261044637,0.391198560668554,0.0,0.9729999899864197
